name,address,n_transfers
,0xfaafdc07907ff5120a76b34b731b278c38d6043c,1115796
rarible_v1,0xd07dc4262bcdbf85190c01c996b4c06a461d2430,186022
,0x2b1870752208935fda32ab6a016c01a27877cf12,150680
,0xc36cf0cfcb5d905b8b513860db0cfe63f6cf9f5c,102240
,0xc7e5e9434f4a71e6db978bd65b4d61d3593e5f27,42538
,0xe4605d46fd0b3f8329d936a8b258d69276cba264,35295
,0x2af75676692817d85121353f0d6e8e9ae6ad5576,29041
,0xdb68df0e86bc7c6176e6a2255a5365f51113bce8,16345
,0xa58b5224e2fd94020cb2837231b2b0e4247301a6,12864
,0xd193a22224795c43d837a3f3d7394b4d0cc15f60,12760
,0x93ea6ec350ace7473f7694d43dec2726a515e31a,9155
,0x7cdc0421469398e0f3aa8890693d86c840ac8931,8270
rarible_v1,0x44d6e8933f8271abcf253c72f9ed7e0e4c0323b3,8219
gnosis_sight,0xc59b0e4de5f1248c1140964e0ff287b192407e0c,6026
,0x6d696d6982d2332f44358d9673c14a33780ea531,6005
,0xd0e4847359ae76c2786d242e5f45c4f6f1abd752,5411
,0xe54891774eed9277236bac10d82788aee0aed313,5188
,0xcb6768a968440187157cfe13b67cac82ef6cc5a4,4978
,0x067a1eb5e383ed24b66d72aaf80d8d7db3d299a8,4420
,0xe8bd225aab19cd3cc0e98bd510e4b2fab91247a4,4124
augur_v2,0x9e4799ff2023819b1272eee430eadf510edf85f0,4032
rarible_v1,0x9d34c91d03809bc012768d8c608e862c0c985b81,3678
,0xe3782b8688ad2b0d5ba42842d400f7adf310f88d,3581
,0xb85070695a7599e3f6a8d46e8bd716d1923769b8,3175
,0x2e734269c869bda3ea6550f510d2514f2d66de71,2630
,0x618dc60c5cae3b42a3983f4c870bdf57a8037186,2270
,0x89ee76cc25fcbf1714ed575faa6a10202b71c26a,2128
,0x495f947276749ce646f68ac8c248420045cb7b5e,2115
,0x3b9a790dfc910447d6557001f96b997c1efb01f8,1987
,0x818737eec8a5350756da40d5ddafda8a84ade107,1840
,0xd14ce4a3251c648e948337e908030d5a835a7c85,1805
,0xdf003a97fa6b3a14bd8c2ed4c331a9187e127ad2,1653
,0x3edf71a31b80ff6a45fdb0858ec54de98df047aa,1649
rarible_v1,0x8280d56ac92b5bff058d60c99932fdecdcc9441a,1604
,0x5e30b1d6f920364c847512e2528efdadf72a97a9,1407
rarible_v1,0xb9341cca0a5f04b804f7b3a996a74726923359a8,1318
rarible_v1,0x1dd2c47496fbd9d38ac9a884d15d816b062e1f6e,1278
rarible_v1,0x729cd6226751279030757f61b2cac4798c949fa1,1255
rarible_v1,0xd8cd8cb7f468ef175bc01c48497d3f7fa27b4653,1249
,0x5b306b1d0f1c1959777469a3fd42557298e9193a,1227
,0xeb6f174970ccdd51ed72c9978a50d83123322ff3,1129
,0x729b3a486407a01b2fdbf4f8f90aa7ff5f20b0f1,1091
,0x6e91869090a430e6ba6ffa7c585742e56fed2247,1083
rarible_v1,0x4572f4db13d9ac8e6fa1a0996ccd40f8bd8d99d3,1033
rarible_v1,0xba503dd9e11eabd91beb4ed87a7e57198eaa9d6b,1030
rarible_v1,0xe529178bf1ad4f8e01f09037a3c6e96131cff5f3,974
,0xc805658931f959abc01133aa13ff173769133512,960
,0x82fdd32e998536609b624e033a16a879d2ebefe5,942
rarible_v1,0x280afd45d12103fed9effb9e8b045e5aaca0a97b,832
rarible_v1,0xca008c0bf62c0421b958de86b3d45c86ecae43f1,816
,0xd997fe65d5f4259840a220e39b1e9a33b645459b,785
,0x6e57138f4a8a9ba265a5f59896e80d4b13b81b51,745
rarible_v1,0x492c0d0a51cbf9dc225a485f9c722413615fc570,661
rarible_v1,0x9897327c3c71600a8f66bce1ed8d5a7af439cd3a,655
rarible_v1,0x74f1334e210bbd0ae2555ec212019cd77a6a36ff,635
rarible_v1,0x4d36e460f9fd391f115676d997e5187edcc8404f,569
,0xb6ab68a44ecc9fb2244aab83eb2f6dba54205ebf,550
,0x6656b20a5d6ccdc95aea98764285cf9d3e6ff3ce,547
rarible_v1,0x6110604b8bfec3f3e97231cd1ed36b16faefa9f7,519
rarible_v1,0x8c521b1179b681c7ef048ec43073a26523d06d6a,510
rarible_v1,0x819d965d8e0a1d9852e805dec073084bd3c5637f,472
,0xeef06c49885461f8a897f503e1bb4c3a67412d28,469
rarible_v1,0x60d92741bf44a4a7c240bbad29e328ff74232268,456
rarible_v1,0xab843fb5c8aacd611c9b894908977fe949440857,421
,0x559604845ffc64a05f780ead75249c377b1dae57,417
rarible_v1,0x64a0b52ccf9a1ee1cdec9975239781343417f0f3,396
rarible_v1,0xa55f065e3132b6982f335f176db3a28a7344a08b,395
rarible_v1,0xcc9f683c2fdbed1801bc8d68a663577d4f3259cd,390
rarible_v1,0x61536dc4232a679adb4e14979768660d345527f8,381
rarible_v1,0x188a084a62e60d22682c6000821df70aa292bb61,380
rarible_v1,0x7920f98733b912772f89dbdd95e221bb7e6d058f,373
,0xa2a295ae156bcd0023783cc2666ccbb0ca218d9f,370
rarible_v1,0xc54648d5fc76b1ecbb4f76a33dec7b37caf14f7d,368
rarible_v1,0x5470bad79b5f80149bed3cd2676e3ddcc4730334,352
rarible_v1,0x7cda0da532827732cf326b957ef894b3d22d1f6a,346
,0xedb88cb36ba634b01819b5e2b546834416e4a945,342
rarible_v1,0xaeb831b60dae7bcc40d7896196a92fd442bff424,340
rarible_v1,0xba5192b7d4c3135d371d2ab7222a7cf360783ee0,335
rarible_v1,0x49c358afee381d32582700cbdd7e9746dc341973,334
,0xa9cfc59a96eaf67f8e1b8bc494d3863863c1f8ed,329
rarible_v1,0xbe15df8bb39b5dd60d28e5cb3a6c3ae24a35318c,324
rarible_v1,0xb3faf6e8af293bd2f87662e785b06ccd35af03bc,324
,0xd2d2a84f0eb587f70e181a0c4b252c2c053f80cb,314
,0x13bab10a88fc5f6c77b87878d71c9f1707d2688a,309
,0xb701f712b18c2f2d449147a04322ba76b678228e,302
,0x5ceb7e1bd70690667b19bd2832ca85aef221a79a,300
rarible_v1,0x4ebeae4abae85024a0e6b8b209ea8e1c6d3adb4a,297
,0xd88e12893abd65aba3eb2b6789f4da6a4247ecea,291
rarible_v1,0x4eb3a5f2458bdf2edd180e5af1cb4b71872539e6,291
,0x3b60426e4ae4ad7ecb082c31826e43f028ca0365,289
,0x238f2d6787dacb6045d72b0ec6626de0ff7c3107,288
rarible_v1,0xb5977dd41028cdd82942dc8af59955c50295d817,287
rarible_v1,0xf4a8523509b7d2b8aa3173c665aef282547417a9,279
rarible_v1,0xe9e73d9a49a96ea5197d143f2636980212b074db,278
,0xa75a3f5b447d3d929e5b2ca157cfe7046bc15b37,270
rarible_v1,0xa889b86239ef747ca9f63e1854b7050bea244db0,267
,0x1d72d4746647b7fe84e2bcdefd96c119fb9cb0f0,266
rarible_v1,0x73c989f89964eccfe26353508dca86bda01e031b,253
,0x7c56f56a51bf3b26c7fa3ab6df28d4d05997bdc3,248
rarible_v1,0xe28d2d4f778a2061ac2ae1080c76c4bd0a6f2d3a,246
,0x76ad70096b373dce5c2bf44eb9a9f8ecbb1c0b93,243
rarible_v1,0x0370905fefa8ce3ac068505c0b4de8db717cdb27,228
rarible_v1,0xad3018b6c203174f9a84373fcf862300147ba5f6,226
rarible_v1,0x6e3d4248333f82e94c382b55cc2b72520da48702,224
rarible_v1,0xcf8d9ff26c13ede55cfd21638fcd03ba1b77c6d9,223
rarible_v1,0x54312186b0738e0cf9640ebf9d56f5d5a8eb8db1,220
rarible_v1,0x02cb94aa04236904cabe656d2e70134e7388d342,219
,0x155cbbca1ab35eab09b66270046317803919e555,214
rarible_v1,0x3037e5a90942d37d5c57c23eef2d262dd146765a,213
rarible_v1,0xccd4b56d975620a7bef48fb5b8b00e28be668780,212
rarible_v1,0xf9a898c2fca5d402e37b65c0a2fd49181c7a2d88,206
rarible_v1,0x872a2d8d43f4eaed69188a40b373dde945709ad8,206
rarible_v1,0x929167191ca41a4753eda357bb6e5ad6f15fb89b,205
rarible_v1,0xeb744cf035429204e4a12438fd499ffd69c0b52c,193
,0xa257fd7658c9f2d9ccc3edacec1678e8713cdd8a,183
rarible_v1,0x5c6e2892ed14bd178f0928abce94c1373b8265eb,181
rarible_v1,0x9103650d8c0fe6600de16d9f17d9b84910d43df5,178
,0x2998d346c66259e3e73dd7410899948371a28e94,178
,0x774418646555f414cbaeca6cf3c72a0613d4dab4,176
rarible_v1,0xcf88cff8f98994343f37bc4ec60448c20f0c917e,175
rarible_v1,0x6357864c93119eb47a06e0283376d4dd85adf821,171
rarible_v1,0xd2186d8c1ee0450eee790f96e355b1c497f11d03,170
rarible_v1,0x41b40ca7b25e9014237690b05e7ed8d3c5edd362,169
rarible_v1,0x8e893534f8ba4183d6303fe27ffecac34b7b25a1,169
rarible_v1,0xe39a238d74bdd95a895026fc25ec97fb8a4b1959,169
rarible_v1,0xf0b6724d259321112be27e1f1c8bdb126d6a8db7,167
rarible_v1,0x80998e8ff2b2b8f2aa2cac096297c7516726844e,165
rarible_v1,0xfb026c8edc423fa0aaeba2be812676e2f2d5da18,165
rarible_v1,0xde44a816b050fa0b880028c4644f339bdeb8542a,159
rarible_v1,0x9498e391ca49722988fc4da4d0d8c9c987ce8961,155
rarible_v1,0x529b6787c72a6c56b8baf5c758d95f99d2dfcf0d,153
,0x1014cf898383d275da1c2ed970d0b2cd5ffef3c2,152
rarible_v1,0xd7033cc4fd21b49fa2227d50c21638b6a708c994,151
rarible_v1,0x693030abaf1ac3ad2da1859c99ce97881f8078b5,150
rarible_v1,0xb610f0e48fbec040fc803fb3a4fb66fa39c525c9,148
rarible_v1,0xa571995a60c04471baff944ab4c360c7ed1019c1,144
rarible_v1,0xfe55b756e674e2a5874c9b79e5a59e0d07f271ee,142
rarible_v1,0xacd42c32ca13b1d5d3292a97363498b20e8768b8,139
rarible_v1,0x0181fd94dc8e5dd8ac71a74f0b27bdc68e99cc35,138
rarible_v1,0xcbf43ef91f5eb6ef28e54978baad078ae03417c1,132
rarible_v1,0xa7a3baa3553ef91377cbef42642809e0caeb52f2,129
rarible_v1,0x8d67ecc9cdf0c19e170629a6557d210fbb8e6123,128
,0x33b83b6d3179dcb4094c685c2418cab06372ed89,126
,0xa983b3d938eedf79783ce88ed227a47b6861a3e9,125
rarible_v1,0x6da57d21a8601348f6b37ba65262d27865a89078,125
,0x5fb784ed9d2e5b2eca16cb8f467e03a8b7ea22cd,124
rarible_v1,0x05fda153b204a9211901e3f3da1befcf88c41b57,123
rarible_v1,0xdd7c1be33faa2154a92c5f428df12109c14e1df8,122
rarible_v1,0x5ab81e38b14faa61a699af1bccd1fe5ecab20fae,120
rarible_v1,0x82a94dfe49fae276710b84aed5842bdb1d77a2fd,120
rarible_v1,0x4a0e3d2879d8a0e8190c2c5bdb65ece9c02d7297,119
rarible_v1,0x60e795f7aa87c0def180a9754e60d21325b63ec6,118
,0x21dd1709ee66fa86ec1901d5c671884787fa1b9e,117
rarible_v1,0x12448657a56bb12acab2d9a1ec9814264bb2e8fa,116
rarible_v1,0x2ca30ed7652017fa906054fcd8b46e79b357f482,116
rarible_v1,0x2b534cdd43d6eb1567be24f3cf7304da3dcd792a,114
rarible_v1,0x572c16da859a14d7c512e473e6cc3f187201fb71,113
,0xbbe8efd4e3e59525db73629e07debdfcf2917cb8,110
rarible_v1,0x424db67b40b15ed85475c3f29dedf601b6ee75b2,109
rarible_v1,0x2a6e931c1bf12ea508402f1faf86c4c4c08aad18,109
,0x0f24afc9f3fcdf66132060fe1fa344711859c571,108
,0xa342f5d851e866e18ff98f351f2c6637f4478db5,107
,0x1c77afabe1f2f58a105376a90b2f05d37c4be8d6,107
,0x329c9f63bb7fa8e48f607f4fa49a631ea98f6521,107
rarible_v1,0xf7d8c07933262b2c9fa75442d452e73e694347ce,104
rarible_v1,0x08bb16800b9bb5f40462f5ab0d8130af684f6183,104
rarible_v1,0xaef8bec601fc9f1dc2f9bf0c4d04df4095ce5b7f,103
rarible_v1,0x77ec5a5ecf2d3942d45cb059fa1c86a262ec855b,102
,0x1ca3262009b21f944e6b92a2a88d039d06f1acfa,102
,0xffb8bb08aed493fa0814fe4cca300836a29cda33,101
rarible_v1,0x4baf72c20f7a345f62d5795ad4fd80bba42a2f50,101
rarible_v1,0x8f9cb66a4fb2dcff44da04dfdd5fac550a3ddfae,101
,0xc34bf59caf10df69af433cc4b49e956b4d9c31d2,100
rarible_v1,0x5bdab992da700c02bdb07572dd026533e97c1dd3,100
rarible_v1,0x0760abbcade5fe056bbd79a625ca2e18c17dc0e8,99
rarible_v1,0x3a7407683549691975e0316bd1d70efd05c8ab68,99
,0xce952f518aed9670fb04b8b8ece2654a94188ecd,99
,0xab5b634f49b023c9f87d7ab0a591a18ab7b4df5a,98
rarible_v1,0x9b26616ee0cbd466e072e86a99b4bfa4a3489bf4,98
rarible_v1,0xd69a3ad926c643798fdd3d056f6ded424e75815c,97
,0xf8822d5d95feb828d526052adc4b17945e1f0d73,97
rarible_v1,0x08170dbe6762100d4852f276915afe179da14998,97
rarible_v1,0xf38f3fdc3e93619971b6e27bc718e5d13fac1653,96
rarible_v1,0x6825b4469466410b5d90fe90c69127a98ba3fae3,96
rarible_v1,0x781de80d5d58eba72d622f2076b51ed8bbd9fab0,95
rarible_v1,0xf732a3d45484a363bccabd8ea4d0557821d75aa9,94
rarible_v1,0x4377e51e201caccdcc85dbf676973ed0c6a37d63,93
rarible_v1,0x1496640fc4bdfd7ee6361894f5eefe1f5f297c6d,93
rarible_v1,0xd862d9e36a8d9887ba330fbd1e3edfe76fe6cb1b,93
,0xc4681b7f5206603715998dabac4fa87c586ad63d,91
,0x9f75a77966ade660782f73f822c836c32be6784a,91
rarible_v1,0x623bfb0cd11b9ad3a67b00a7190ce1915c0f3ecc,90
rarible_v1,0x53bd7475af798111e100da9f64356a0051f36d7e,89
rarible_v1,0x53e3169046a25d7d67d163a1d46156f4c1955834,89
rarible_v1,0xa6e5454d11b626ae5a3a02f45d7e5391af256163,88
rarible_v1,0xb153e6fd8d4da8782d11df9d6bbf63e08ac2258f,88
rarible_v1,0x40e974c15210284b966e44e3483cf3b8ed558490,87
rarible_v1,0x5fd7001dedc58476dc8be47e9e38e09e9e5d73c4,86
rarible_v1,0x06dab0627e958869748dca582bb6389c538e343d,85
,0x448cb15b00ced3ac47467e33493d602f34c8e77e,82
,0x401b3474a0a2fbcb00d516c1ffc01854b9d9dafe,82
rarible_v1,0xf734bbfbb5d17270a33d47df521958bfdfddff5a,78
rarible_v1,0x78d0c06a1490d50be7baa804e602bca5f0224213,78
rarible_v1,0x1eef8e428c8148af2b05c083d5f275eaa05f1268,77
rarible_v1,0x5351105753bdbc3baa908a0c04f1468535749c3d,76
rarible_v1,0x6c3eb04c73a99ca31c70eaa529cb474a699242b9,76
rarible_v1,0x96da7bc30381e7d290c1bb491d8e99bd67c5cb40,76
rarible_v1,0x73f126ef29bd62038c95179cfcbed2f49f1db8a8,75
rarible_v1,0xb49c47e18c537635ed285e6688eb8d934ca5522c,73
rarible_v1,0xcebf2f59cde3b7a7eaf03e6a7ad2dc8a7d6b82a5,73
rarible_v1,0x77301021b53a871e9f14ad1b6762a619c58014e4,72
rarible_v1,0xa77cb47bab725915a284d4e4c0aba777921be2a1,72
rarible_v1,0x7fe96546314f3336fa838020b36ad01ed28be2f2,71
rarible_v1,0x35857182ed7400c2b0f780e8a929b6e97d362ac9,71
rarible_v1,0x86c4bb362e90bd859ac60dacd7c7a02954ceda63,67
rarible_v1,0xe8ae428918b98263f20331396afdfb8a35fd304c,67
rarible_v1,0x2e81cda0aababa180f2c5d9c259c93ded9069ee3,67
rarible_v1,0x382a0c85d41481dd37f927360271097b2176b393,66
rarible_v1,0x2f5dca0ae3306b35cce02311ff70a716f184ddfb,64
rarible_v1,0xf42e64e7e4c8c5417259759ce70f9e648e2480d7,64
rarible_v1,0xdf65d02348ba94d58cd9a46112d8bd4b42cbc351,64
rarible_v1,0x25271fad43f59614c0928f63e0e7e10c2b280e89,64
rarible_v1,0xc7792a5440d90b2327e87434f064448abee6982c,64
,0xdaae81c0077e8917a2eb63bb66ef701ff4781bb0,63
rarible_v1,0x305755ed424889fd8f3a593af716f6693d0dc1d1,62
rarible_v1,0xa864865b83b0b7c95c3c108f5a3896308979bdbd,61
rarible_v1,0x46caa8e7907cf10158dc50d609e23548c812c33a,60
rarible_v1,0xa63b627199214d71234e075e4557083fe033059f,60
,0x3c53bd8809c220412bcac552ce09a7b2b786dd6a,60
rarible_v1,0x493c7314a8b63635b09b252d929fedb53075be58,59
rarible_v1,0xb1b0dbd358dd688d803784b467c2584d3b2f4094,59
rarible_v1,0xf22862a58ba30b597b7e7e96fccba6e1d48243da,58
rarible_v1,0x362219d2a3a5491100d673fc899dde507c5d5534,57
fortube,0xaabc6e639bb9f2dc6e13e1c050a822b116de665b,57
rarible_v1,0xabebc02177422f4a31cf37986748dfa0852c2a6b,57
rarible_v1,0xb29cd903a2e960569baa6f74792a12d1885aff13,56
rarible_v1,0x103c167386dbc3d73c208e3e89ef0c79e7a44f60,56
rarible_v1,0xee4ba9ffcf1ab4b15bfdd094515914d8710f4881,56
rarible_v1,0x70e120bedba35694fd97045cc39b2c5b15b0fdff,55
,0x8432f987b26a6747651f895bc0ae350af1c30489,55
rarible_v1,0x8041cf97465a919786e4f1dd15c52674daf809bd,55
rarible_v1,0x7d0960fec1353a79c743d271de6c94316e65c374,54
rarible_v1,0x41b459f1f57f8b043a5926e9b15446adf4f1110e,54
rarible_v1,0xcc05b7293f494fe696eff36f93e2957ba445ea06,53
rarible_v1,0xd9c570f5e932e088c9a3b44a697b969efcf03658,53
,0x47f42e4d4de7ebf20d582e57ecd88ff64b2d7910,52
rarible_v1,0x5b52014d73e0c8c0eb0ad3720fc159d054790223,52
rarible_v1,0x0044840e9b4e6a08cba475cc89ced69ec3381266,52
rarible_v1,0x083775fdfcf0cb4780efe9710801d082005b55ea,51
rarible_v1,0xa1b618929713134b6dda32a33e2e36d6a0cf52ef,51
rarible_v1,0xaf07976696c7a8131a68231d20d12a46af3cb0be,51
rarible_v1,0x0cf674e50aded42d405e1fd750f3998d8f9a033b,51
rarible_v1,0xf40dc4cc7040635ae66ed2c54058ccb76dc239bb,50
rarible_v1,0x744481b9b295fbef4636eff8ffe7d2901246dcfe,50
rarible_v1,0x17da747050f3beb80607e22a6cb049f81a4cad7d,50
rarible_v1,0x9f7a104b3107e383eec1428350cad516d3533981,49
rarible_v1,0x9da8081f9968e6de274082849df797e6137f6fc6,48
rarible_v1,0xc38c8f281f1e1e217d279a6d58a43d079e28a213,48
rarible_v1,0xdeccd8da4a6f9b6f4a8da8012c11d2da912edb7b,47
rarible_v1,0x53be1d870a4877405675da657364f753bcea3e23,47
rarible_v1,0x7c39a6a2df2c022d1dce4ad3dfe32c9ec9c169bc,47
rarible_v1,0x36bcede9b5a1328a8912b63389604ff451fa5a8e,47
rarible_v1,0x1f60b693d98048e932b87b8b668e2f3b726fa7ea,47
rarible_v1,0x7a06d2a294dd58e8ca84cb7f96919075888c098a,47
rarible_v1,0x0538f977dae1fd982406e8e0c82120c3bb62656a,47
rarible_v1,0xdd5df84997150ad121d8e31b631388265250c054,47
rarible_v1,0xad9ffaa822c0b31682ebb9f66a426cbc7edc5cd2,46
rarible_v1,0x25adc9c741b273639888081d4b79b2eb33a9785e,46
rarible_v1,0x08d0de44c61634775c2238197a28ee20b6cd5d5e,46
rarible_v1,0x2202751e546665c4e6456d1ba27db4f246004063,46
rarible_v1,0x2dc8784cbec4acbf852309a931b9ab1a08a7fcaa,46
rarible_v1,0x25993d11d50f8be484abe2e5ab0761f3585c2672,45
rarible_v1,0x5111c8103776e097c7114282c9e0ff7acba16095,45
rarible_v1,0xd84b83efb93e6da9ae5b1588ad3e6fd982d164b6,45
rarible_v1,0x247c1386e2191d4180d524c4b11f62bfbef9838a,45
rarible_v1,0x9a22e489db7c2e48c284e9b2d32d9c4b8f7108f2,45
rarible_v1,0xe9586808751e21d88db6d6571b96c0139ed60d13,45
rarible_v1,0x0294d891ff1632e772fd5bf7ce40042d784eebbc,45
rarible_v1,0x25df24b41656b71f3e6da94a74ff2c60e9253f5c,44
rarible_v1,0xec84c1002279ceb21542ac1f604fe56c29912309,44
rarible_v1,0xb75a7e9115d10aaa6512245f7b3e7c52bced6830,43
rarible_v1,0x375348350bcee1cf3e4b494eea18236c87915f0b,43
rarible_v1,0x7f1fa8eccd6d321bdafe759f0583d22985fdbeb7,43
rarible_v1,0x27372eb44d9a857e05f1582a35642cf9db7a8fea,43
,0x1baa60dcd772d984a41ec8964b4a7d30d8b354da,43
rarible_v1,0xe9ef3d6ea53570b5cf730b4c353e8b7ba4ebda73,43
rarible_v1,0x1c71e2d6d4e01af9dc21e86fd3d7448d4a94bee0,42
rarible_v1,0x3fb6e1b7e573322b5442980a83d16506ae4af22e,42
rarible_v1,0xc394e66cb378764cd00a5d01d1cb95f9f0108899,41
,0x2da71c9db22f9d620fdc07bd42105e852afe05a2,41
rarible_v1,0xc1a8b3d9dd6d2ef23ac55995ded68381d8ec3118,41
rarible_v1,0xe1bdb2e8d6b5ff2c05a6d3e9a231599c3e6efc6c,41
rarible_v1,0xfd102de03ed2310b0eb8cf817070d0e056a28578,41
rarible_v1,0x938f2110f177077d5b4f34985d58f44aa58b874b,41
rarible_v1,0x310b4f07579c18347a56fdcff14206615b462cf6,40
,0xb421523fa4cea10e97c19741a8de7dbfa66e1e4f,40
rarible_v1,0x4690b1efab2ea1232fb95a89e175abd3331b0f62,40
,0x33a4cfc925ad40e5bb2b9b2462d7a1a5a5da4476,40
rarible_v1,0x8f2256063036495f5a362a57757acfcbe72e44b9,40
rarible_v1,0x492c04144cd934eb918464426fbeb415e41ff7a7,39
rarible_v1,0x7054777fc7cbfb7965cbb3d5fa3332d0e46b43d1,39
rarible_v1,0x3423eed97f47deda32eb2056075f92be9055f912,39
rarible_v1,0xd4f73d00f4d82447dd275d8e786da16b6ff80453,38
rarible_v1,0xeb41488e98122f011b71dfcf01d21fb94dc90e8e,38
rarible_v1,0xe8194a3c5f6b9db31f1e2c1521e27d26c800bc67,38
rarible_v1,0xf24e070c174d9f00a092b60d81e4d2eaba67fe4c,37
rarible_v1,0x54662a9701682b2dbacf19e1079d2fc08ab431d1,37
rarible_v1,0xf595a6d4f88f791f190f946739c64591c3c556c0,37
rarible_v1,0xaeda61b9126feaba872446ca4f03a3d2f46397a5,37
rarible_v1,0x6ae270426644c8846297a0eabe8f448534420906,36
rarible_v1,0x9fc634be5dc1ad1ff9ae6dbfb5b58491148f01f1,36
rarible_v1,0x366c34e262e310426e117dbe2cfeeb820eebd9ca,36
rarible_v1,0x256f6dbe7ed4f2c953b9ad972e2387f05963d5be,36
,0xe3af60f1f08e489503d9827210c73e468400c7ec,36
rarible_v1,0xfd5e15d62353ec6498ab64aee76035d0042d92a2,35
rarible_v1,0xe57b446d45432a1827210240ef18a21059bfe945,35
rarible_v1,0xbdf2ef43438e5c1150403248f0074481cef44705,35
rarible_v1,0x7f16f5aa4bf4577402e035e518055be7c3c9bc28,35
rarible_v1,0x317795bd78bdbe513f0369e0b2ed70693483c59d,34
rarible_v1,0x12df506b9daaf874945022a463e6fdb3245f780c,34
rarible_v1,0x43405d800766dc6ecafcc4d4d86d1b1463f556f0,34
rarible_v1,0x505df5ace201098b1d198aad048cb61c9f0246d4,34
rarible_v1,0x7a82a20e7669a9313662ba1c9d9cf0502be8ab9d,34
rarible_v1,0x8af1b93e4a90a81ca99fee5a5b05ccf2cf8074ee,34
rarible_v1,0x670646a8373886d8c8e0d525bd15f92c6f765fa5,34
rarible_v1,0x5f9c9f69e7aa5bc487e85c4c3c3568a9b0b3ba82,34
rarible_v1,0x18943a963a2ad070cdc1b811aa7228ace469adb7,34
rarible_v1,0x2d6aff6ffffb60f5fdaf5a0ef4c1096644270d37,33
rarible_v1,0xa7eb9a6a3a86b2fda7199a2e151aaef84cd1dfda,33
rarible_v1,0x4a384886cf53d824a2160646637cafa356473f49,33
rarible_v1,0xe1f254f01488ca0574ce88f90c2ebd283c407671,33
rarible_v1,0xb88c3fdc48d3b148aba66a732a83ef8aa71ae861,33
rarible_v1,0x0e92164df9bc46855c9476384abc4e8fd2c47edc,33
rarible_v1,0x1651bd62a6ae8c43bdba7c3c6c344c3079936071,32
rarible_v1,0x9d57fc71118d050805b97612c69aa8a798631f6c,32
rarible_v1,0x32aa0094c6766c04e0e8bb4d14033d5904862545,32
rarible_v1,0xc12ec45cf9de5c58fe40e09f4f2db8df6120945b,31
rarible_v1,0x65604fda8ba3f4808fd7b74abc5eb04172449076,31
rarible_v1,0xe8fc1aca7da14afb85182c113120896ac7c98a8a,31
rarible_v1,0xed012991f72bc58e134b5496834064284306499b,30
,0xe6822e8b4d91b85f9ca00cca79bf92bab14bc221,30
rarible_v1,0xc6571274ca9d6e3658aadb69e2f1de799288818f,30
rarible_v1,0xbf58b8b9b4df73efc79db071d6e8bdb4c088be2d,30
rarible_v1,0x0ecc90aa2af935f1d1a29feb70b9cc4aa04cbb36,30
rarible_v1,0x3b05f81864c943590c3364e5fe06632dc531cc1c,30
rarible_v1,0x982fc7432cf41e374e7a7622e5e7b6773e1310d2,29
rarible_v1,0x5c3daa7a35d7def65bfd9e99120d5fa07f63f555,29
rarible_v1,0x9be29d790c7e2c3ff6acb608f6a3799b2650314d,29
rarible_v1,0x435c8739d1fd6d2a29ab1dcc667a2e4a360e3ed4,29
rarible_v1,0xd574f92169810afc82292117a257467c520c1210,29
rarible_v1,0xe817c927f34b3c8db9322fe03599bf2707a4491a,29
rarible_v1,0xa71936fdfacd9dfdee1817bce953df97d1fdf554,29
rarible_v1,0xcbbb170c74fed5fe27245a01c61cd219a90bad18,28
rarible_v1,0x5d6813f9c9a28c118c93598e1c10b526a8b5a1a4,28
rarible_v1,0x40fe4c60673709a16a0f47c42ba54b466418a64a,28
rarible_v1,0xb1432546890d88a0c510ca73475e0c3b8933bf22,28
rarible_v1,0xeb868136fce503964b738208a677eacff5f7fccb,27
rarible_v1,0xaa0d5b39a4664d8d700b7e12c164ed43b951554f,27
rarible_v1,0xa1c4b6889821f50aee6c93f7eccd8c5ba1115641,26
rarible_v1,0x72262848c8b95532fcfffe6e3e519b228ae5845b,26
rarible_v1,0x66eb6684c7beda94e4c244e025344a20834aa64d,26
rarible_v1,0x04955703317e1126f725abe1ffac2dce2b696cd5,26
rarible_v1,0x6b0c1d93bfb1dbe420ae5342d81a62323f5c811f,26
rarible_v1,0xf30e2be919161cf7d7b975a7da101eae5da902ce,26
rarible_v1,0x3ef99698e0dc42ea9557ee393cf1b78fc36f092a,26
rarible_v1,0x201a2bd580377905b393388ba288815128078ac0,26
,0xd6fbc588964e5a3d5caa56b69205ad1adbe9f438,26
,0x8233a82fa5515708d1ca9ece90821d213ec52e9d,25
rarible_v1,0x0f4b33fdc45581fa98839c8cef6ed79437eb6363,25
rarible_v1,0xa4aac2a1b7cc86a09c474797bf9c1b776fe0a285,25
rarible_v1,0xf4680c917a873e2dd6ead72f9f433e74eb9c623c,25
rarible_v1,0x1cfd39c883b4d487bf88fdfa9931b347361df81e,25
rarible_v1,0xf9565d501c9b115345c8c24746edaa3d6cd835f6,25
rarible_v1,0x24e473d902952d840a24771cd2d16789f8a79567,25
rarible_v1,0x8613767f51108b198508670f622883cb3e0f1bd0,25
rarible_v1,0x83b4b74a9fc65bf26aa4f68044b51cff0fc23cc4,25
rarible_v1,0xbd4021c0cc0be79fc54a9ed1943fbbd3f96a9ec0,24
rarible_v1,0x38b1e61d0897ba13ac101bec5cc75bff0b96fe6a,24
rarible_v1,0xfd5683f0ca3e76b963ee997831f2c8b29fa7f81b,24
rarible_v1,0xfbdbeed1ba112e8d73bd15981947fc71cf8695e4,24
rarible_v1,0xaddbf4405a5711201e3ff3074ab272697d4e4a97,24
rarible_v1,0x9e1866dbf872013a5cbfdf1a32ab6157ec929623,24
rarible_v1,0xf46d0487bc0ffa2629d144f49c5e9cb5b76618d9,24
rarible_v1,0x61bd6b10c7bf3e548f8659d016079e099510a4dc,24
rarible_v1,0x407eb99611d27ae4bdc3997b58d81cc1e64c7d0b,24
rarible_v1,0xb1a4eecf844421e112634bf8231b69531a0698d9,24
rarible_v1,0x229d2a2cecae97a45fa3a9cbfd0297c22d3270b3,23
rarible_v1,0x41a87ece33164cb55b12664db42942cd95e02932,23
rarible_v1,0x21cf0f26eb9cf547c8f26f636eecc4d3106641cc,23
rarible_v1,0x7b4d47feb4d6cef88302d7272da337b050f48a8f,22
rarible_v1,0x8da8806fc0c459fce4625789374972693befc03f,22
rarible_v1,0xba35430ffd0313d83f87317e9024293128eb98d7,22
,0x16cb6125928d7908c620d732e16b0d1ab4c5ab96,22
rarible_v1,0x9ec867eeaf55fc8be53dd0ce552262ddbdf70905,22
rarible_v1,0xdc62d6d2d91dd1835a579d88f9a7e0f994b05975,22
rarible_v1,0x3d1cc955be8957d5de8e51f464a7ca663345e757,21
,0x4c9f1b0313699ce67264bac7326a7a02ebee747a,21
rarible_v1,0x1f8672dca8ae79e8cd6ce0a73b9193af7ca5bf30,21
rarible_v1,0x43919d96f02c744a8dbe72220097c28dae14675b,21
rarible_v1,0x2a851d22281092bca9ce0573ff7c64f2840c3693,21
rarible_v1,0x31865d76403511000d44c803017f71f6d4bc02e6,21
rarible_v1,0xa5b7432b2c611fa2818cdbe01b73b03521f8d308,20
rarible_v1,0x8f86390963f1faba99468a8857e65e48ef2832ec,20
rarible_v1,0x3045474044a37d59d117200b7577af6532b80043,20
rarible_v1,0x9d664ec54b3d1549045cd57d67998687a0dd371a,20
rarible_v1,0x7a974b387eae135323d91309830f8119be4f9b46,20
rarible_v1,0x7418102225e25393d0db0a4aaaa458b3f72529b1,20
rarible_v1,0x7398e673087783ce8500161feaeedfc42d802f52,20
rarible_v1,0x253e3e7d86f73e104ada29b682589c5164bc3ea5,20
rarible_v1,0xc0983df152a9ed7a99be899075ca9bafe5d4b15e,20
rarible_v1,0xcbc1deb56ccd3775fc5cf0bae51ed1ba55847517,20
rarible_v1,0x1ccf0477a5562b7e14862d13b7daa389577a2be2,20
,0x108ff39bc1b725870031208f44488fefc03f1f57,20
,0x5f5c08f823aeeddc8a4e53e4f144e7a8f50d3b37,20
,0xf64c866b5b4f25c1d17e3a7cea883c367f460f91,20
rarible_v1,0x8be225fa78a276f930d1c14f37acd2eac8b8d9b0,19
rarible_v1,0x05d2d781d8ca5a755924867815c1cd86085f8325,19
rarible_v1,0xbae8fc4c95aba2c05395d4a00501d71490133467,19
rarible_v1,0x539b53fa542675c766e49993df4841c26accf24e,19
rarible_v1,0x0cb9c97ef3d902531004b948f2c19f1367c25a9e,19
rarible_v1,0x25ef34f3ac14ecf0104af2ce4382ac1b82c31dc0,19
rarible_v1,0x75b8fd69f6509289cf717dd1faaf5eb88e7dae35,19
rarible_v1,0x8794fca913b27162ff3270abe7328ebbec9e20c2,19
rarible_v1,0x96f69bde4d284a7bf48172cdc317521bbe3cb857,19
,0xa9f4bfe3fc4376478ed3cc7380c08d1646b1f0b8,19
rarible_v1,0xf62769fcf5707b52e63574f2aacf939ef9ffb1ff,19
rarible_v1,0x5bd6890db9035caa9a4853a9c4cf49fd76801908,18
rarible_v1,0x5bbef39747422e21991f5c8dc7e8b0c938c9970a,18
rarible_v1,0xc602b474881c053662d72d8884af910cd6b43378,18
,0x0248c5e6354053295637013e7c3efd901a4a185c,18
rarible_v1,0x588c5aee9bac620b4435435903c01223a9989abc,18
rarible_v1,0x82ba4cfeeba1d68f6cd3ce360808c6fbc416dd36,18
rarible_v1,0x54b4cdb28659261208de782c20a98bd48b2d8e18,18
,0x32a26380960fee5316fd1041117d5bcdb6ddd9be,18
,0xe3896d07d7c3e7e3a1d209f5f527cb69f0ba9cdf,18
,0xe05bbc3d1a9a7b72c130866fcab367013d1cd1d5,18
,0x66d5a6f02432f916cc9fd307ba9cd97d7346374f,18
,0x56e3cea51769d9a21f68c85bd78145245dd74b73,17
rarible_v1,0x37b0fc7af6dfc0741b0ed562005da15301f6c571,17
rarible_v1,0x0332b704f1a3c2ca064c183cd6a2548e7fdd56ee,17
rarible_v1,0xb3be30948d4389994955a23df3f0ac1773f83084,17
rarible_v1,0xabec196c7c3e074b5552e04364e304e39a2723c2,17
rarible_v1,0x85b5bd374c11d8f6e0864a3927028c33bb39646e,17
rarible_v1,0xab3c9dfd9f9ef544fb452864e0ea1d6a15be9078,17
rarible_v1,0x87110d26c5fa701bf86d0db77513d999da90214a,17
rarible_v1,0x63d659f73eea5c6a7c6d5b66a1f9f7b2c44d0beb,17
rarible_v1,0x05cadc7eb68e2c06761b18b40ca927976b63464a,17
rarible_v1,0xee48879229ee219cb99f5868449a6d03147417a9,17
rarible_v1,0x007810366aed6ed62af3240def95879c0f20b8c4,17
rarible_v1,0x300533115a586fa305fe6ca4a32fb22c22abbd92,16
rarible_v1,0xe65c9866c456c94b49c58286f1686d7e554d1899,16
rarible_v1,0x45503d36827227f0d110fb3a17b4e1bbdf5c44d8,16
rarible_v1,0x0c5c8c539cd635a5353e6bf51357069c34085ca4,16
rarible_v1,0x52b68a835aca64262845ccad4e18d58e10f0f521,16
rarible_v1,0x88535eb0be6fe825c87ef8fb7c3cf66a7088779e,16
,0x276a5b4f0140adf36be94908955bf75095bf9118,16
rarible_v1,0x82dfc4dab7831b9721cf856e304133bcc467e0bd,16
rarible_v1,0x65061eafee6e4d49c40497a7dcd86865541f6960,15
rarible_v1,0x5b50931305b4ae11c08876431f0baeb51d8a6daa,15
rarible_v1,0x8791d2cb2c67f9efe76e14ac022bd44b975ea70e,15
,0x73242c671cf402152e3880af208071dadab0bc27,15
rarible_v1,0x3a5ca702eafa23ec69b62dcfefa5d6e0ecfc858e,15
rarible_v1,0x690c231a00a2bbe474d06d47372f7a2cdf2afa99,15
rarible_v1,0x4e302fc5aac305b6976c1d837f3114bf76e7b8a5,15
rarible_v1,0x94ac35c4225d63f01e1cdd31f6c566f3b9398787,15
rarible_v1,0x7b9ce8df72c549c5dd2b5f6c74812dbb0c6646ef,15
rarible_v1,0xe598d0251215f28847926db240839bfa62482643,15
,0xdff5eb0a5e675a1fbde83fa3609320fefea88412,14
rarible_v1,0x27576e6ff9e49bf02d5d5863c21b6f837b300bf7,14
rarible_v1,0x6881530167e2bce09a0e635944df399ff96e34fd,14
rarible_v1,0xac41821338fefb209473244064478b445ba482f1,14
rarible_v1,0xd0cf6a6ca65bc95587ddb9e7fb899b62b241af84,14
rarible_v1,0xd6f25b513fb79324cb1e4ed246a3a2a4473e13e0,14
rarible_v1,0xa2f24396dcccf90e1dd29af5182e2c74bffd0f7f,14
,0xff15b5f18889704cf4a05026858e299596c4793b,14
rarible_v1,0x5ea117b28a78357166ee2e6ad1acfe6e9b0de3d6,14
rarible_v1,0x5b2ea62fbe3944ffd92dc3a13d2eeab8d097e756,14
rarible_v1,0xe9440414667c13c4427bd166de49fcb851108150,14
rarible_v1,0xec46038fe707b49e084663165a36cd78fe7cd3d7,14
rarible_v1,0xf7b472b14431abdbb0768113b0924d96bf39443b,14
rarible_v1,0x2923c1d122720add241e21015a886d7a8fae3df2,13
,0xcc35c66efa69d81df3af0e395bdd28065cf08840,13
,0x3430930c101b73a4c23be0eaae78a71e5b31f2e4,13
rarible_v1,0xb3baefe0d167cba4af84ea6e6fa97ab589bd08cf,13
rarible_v1,0xea7fbf4a1b6c16b9a06846a91d819e44064bbaf3,13
,0x2e7f7d6866691142cfac9e366be1075fed502a84,13
rarible_v1,0xfa4af54f1178fd08dc3c2a4725b5f2dc81751f63,13
,0xa57a733c001b8cf1b0ced98f66ce54c35eae532e,13
,0x13d569e3b6ed96977f98aad5cc6dff2c88dd7cf9,13
rarible_v1,0x5ece08d3e1997b989e4d40fa80498a86cc59cc2b,13
rarible_v1,0x786622ec2f3fa0760e6e8059c9363286c06e2512,13
rarible_v1,0xf73c3710a8316b1d2b42cc7e59f1f5c2396a546f,13
rarible_v1,0x440f36dba0cc626a71af47a83d85846246ba3fb2,13
rarible_v1,0x4813c06eb9919db20634c431565d6b88f35501ff,12
rarible_v1,0x16f3fbcfad592305adb1c843c854a6d8454bc7be,12
rarible_v1,0xa5af9ab3300ad1a3b05ec66561ce958722512559,12
rarible_v1,0x2776364a653333cd5b154744c58504066c377a61,12
,0x2986b5fa6df9ff4b33a87bca703d37a80bb5cd6a,12
rarible_v1,0x97d05867820fcd85c83c89abfcff82662e169aaa,12
rarible_v1,0x7d46020d056a5936711659d10393dc87e3b0828f,12
rarible_v1,0x89b1d42af08bccb0e8168dbf92f800573ae84c73,12
,0x81b0c8cb62daf41f3b6629c38914dbe898a9fbe7,12
rarible_v1,0x3ec057be60db3a2d416e14a6e3ab7f37ffccd7b8,12
rarible_v1,0x001d1cd0bcf2e9021056c6fe4428ce15d977cfe0,12
rarible_v1,0x4568c3a9d7622d8eec6da47029325d54222b7028,12
rarible_v1,0x12216e4ec364f8cf0e7f2d1288cd79cb13e6bd61,12
rarible_v1,0x9f4d0fdfc755fe4dd1885418be2f63981d6c0858,12
rarible_v1,0x9b3c6e9636e0c220a2ef9517d1e7ad0bb34d7d2f,12
rarible_v1,0xc35a0aef49069abffbad543cb81fda3412f80034,12
,0xb71db24658dc5765cc7921cbae43fd603576e64e,11
rarible_v1,0x0dd3c271da45923ea536c5d91307d9cc8a0bcd74,11
rarible_v1,0xa3d22470913460d2988e940093213e6a152fba27,11
rarible_v1,0x0aee9395897083c75d233e98e239f677bf24d3bd,11
,0x41c9e36a8797778159436971542fda652e49d1fe,11
rarible_v1,0x97214d748eb8de4fbdac4cf832adf4be2ab5af2c,11
,0x2b63711673fc94415f1dd004f54b733108c41996,11
rarible_v1,0xcf2849ce6b2bca9cc7dddc814e63cacb2668dab8,11
rarible_v1,0x91167b54411cca20319fda9f4a3fb8df0070aea3,11
rarible_v1,0xecea8678c216456d0d94be4e90412159da2450cb,11
rarible_v1,0x62a5c783187f5843fc9eccbe6ded13eed2e0d232,11
,0x458647912e9e67a65da1452c533bf0db6ff8a0b2,11
rarible_v1,0x459f71d12783eaca6769963b336f17dab0e4cdf7,11
rarible_v1,0x652a0dacaf996343902dfb7519174e8d2ce011d9,11
rarible_v1,0x215a35201631bc4f5df68412732d80e6f854a16b,11
rarible_v1,0x279d3498903941e4f720587cc79ff641bd4bd452,11
rarible_v1,0x3ac131f616014bde3e0bc9fa67d05deb76af0d88,11
,0x6aa21406f574db8127ca73e362856b1870cdd4b1,11
rarible_v1,0xbcd0814bbb12c1f03e8283a2c53fe92a041af397,11
rarible_v1,0xbc3d26747e9833cbd05146552efaae631505b8d7,11
rarible_v1,0x7ab29e7c8de4130aad850a6dbeee5c385d48d05a,11
rarible_v1,0xb6c7ab64d73838a5e2328f5f4082c363fa86ce1f,10
rarible_v1,0x82025dfc00c4a2999705d13a21a8d04d10b719bb,10
rarible_v1,0x8e64763007daebb19fb87a2f562a873854017990,10
,0x33561199ea127da52b6addc14b9473f1fceadd90,10
rarible_v1,0x45c51edd1853efb04e23d9479687fe76cf4a8a37,10
rarible_v1,0x6968f1421b7a122d431009635e32925271016fb0,10
rarible_v1,0x291c9486d3f664d78e72ebb6cbf20428f9e5a907,10
rarible_v1,0x8b8474a376bade9fd22e51bea2e3a94d157af090,10
rarible_v1,0x6d2dd496ff152508b5bd0406766ed00cb748889f,10
rarible_v1,0xb0b3252692d49b440a031844a9f6455df50217c1,10
rarible_v1,0xe04a45c357b0248816015d7154320a6ca53c4d6e,10
rarible_v1,0xe017441eef4f2d386aac6d2cbe12ed8a8f50855c,10
,0x44e491adb468dfa6ab4545a030665e81ee85a77c,10
rarible_v1,0x1727f353db253b0af54720878c4901e62d9d1b89,10
rarible_v1,0x3921ecb96223d11f4b49e7f8515d34f91aa49150,10
rarible_v1,0x499b373f23209b2d1e3e9b169337e4430d28f78a,10
rarible_v1,0x33faa63735e3aad89caec564119e77aad88b9ddf,10
rarible_v1,0x73a019678d58cf96ed0a2939f9d89b423d311145,10
rarible_v1,0x070bb24e5f7a62ae04ef4146eec8c0ffa2870ac6,10
rarible_v1,0x3cc9ffdf72f8e1022b1e5b38501ac4eebb5783c3,10
rarible_v1,0xa7e637b4cfdaa10ccec8c15cfeb314dded1ab658,10
,0x302c8b304122e6060cc3562208f1a5c605b38d0e,10
rarible_v1,0x58c6b57e075ba2b7cbfc4bd01d189b563c4cb71f,10
rarible_v1,0xd63311471512046f9ba9fcb0fbeb77108c3bd230,10
rarible_v1,0xedd83b243cea6d32e3592f843cbbeecb4b3455a7,10
rarible_v1,0xede5b971ff0edfd99422344329ce86ec0231073f,10
rarible_v1,0x6392a36541392a0b90f020f46d7a688768b64ff7,10
rarible_v1,0x7f45d967874fbcfc5a25ae940fa852c347e144ce,10
rarible_v1,0x3a35f8a49521fd10af3fed7d2375837ca652b548,10
rarible_v1,0x9f60d4a4b5dd2376ce9c3293b42257f3a12e82e4,10
